fiscal_year,month,date,cumulative_npr_million,remittance_npr_million
2000/01,Aug,2000-08-01,2445.9,2445.9
2000/01,Sep,2000-09-01,5295.799999999999,2849.899999999999
2000/01,Oct,2000-10-01,11452.4,6156.6
2000/01,Nov,2000-11-01,15370.7,3918.300000000001
2000/01,Dec,2000-12-01,19230.4,3859.7000000000007
2000/01,Jan,2001-01-01,23154.199999999997,3923.7999999999956
2000/01,Feb,2001-02-01,27160.2,4006.0000000000036
2000/01,Mar,2001-03-01,31220.8,4060.5999999999985
2000/01,Apr,2001-04-01,35427.7,4206.899999999998
2000/01,May,2001-05-01,39238.9,3811.2000000000044
2000/01,Jun,2001-06-01,41622.3,2383.4000000000015
2000/01,Jul,2001-07-01,47216.100000000006,5593.800000000003
2001/02,Aug,2001-08-01,2954.1,2954.1
2001/02,Sep,2001-09-01,6410.5,3456.4
2001/02,Oct,2001-10-01,13151.8,6741.299999999999
2001/02,Nov,2001-11-01,17194.5,4042.7000000000007
2001/02,Dec,2001-12-01,21243.5,4049.0
2001/02,Jan,2002-01-01,25162.1,3918.5999999999985
2001/02,Feb,2002-02-01,28833.6,3671.5
2001/02,Mar,2002-03-01,32650.6,3817.0
2001/02,Apr,2002-04-01,36668.4,4017.800000000003
2001/02,May,2002-05-01,40863.1,4194.699999999997
2001/02,Jun,2002-06-01,43721.9,2858.800000000003
2001/02,Jul,2002-07-01,47536.3,3814.4000000000015
2002/03,Aug,2002-08-01,2361.1,2361.1
2002/03,Sep,2002-09-01,6956.0,4594.9
2002/03,Oct,2002-10-01,15828.0,8872.0
2002/03,Nov,2002-11-01,21035.1,5207.0999999999985
2002/03,Dec,2002-12-01,24741.399999999998,3706.2999999999993
2002/03,Jan,2003-01-01,28665.3,3923.9000000000015
2002/03,Feb,2003-02-01,33887.5,5222.200000000001
2002/03,Mar,2003-03-01,38930.1,5042.5999999999985
2002/03,Apr,2003-04-01,43570.2,4640.0999999999985
2002/03,May,2003-05-01,47718.2,4148.0
2002/03,Jun,2003-06-01,50282.200000000004,2564.0000000000073
2002/03,Jul,2003-07-01,54203.3,3921.0999999999985
2003/04,Aug,2003-08-01,5562.1,5562.1
2003/04,Sep,2003-09-01,11978.6,6416.5
2003/04,Oct,2003-10-01,17248.0,5269.4
2003/04,Nov,2003-11-01,22433.0,5185.0
2003/04,Dec,2003-12-01,26763.9,4330.9000000000015
2003/04,Jan,2004-01-01,31044.5,4280.5999999999985
2003/04,Feb,2004-02-01,35336.4,4291.9000000000015
2003/04,Mar,2004-03-01,40499.6,5163.199999999997
2003/04,Apr,2004-04-01,45030.2,4530.5999999999985
2003/04,May,2004-05-01,49145.2,4115.0
2003/04,Jun,2004-06-01,53693.7,4548.5
2003/04,Jul,2004-07-01,58587.6,4893.9000000000015
2004/05,Aug,2004-08-01,5362.5,5362.5
2004/05,Sep,2004-09-01,10613.900000000001,5251.4000000000015
2004/05,Oct,2004-10-01,15687.4,5073.499999999998
2004/05,Nov,2004-11-01,20776.399999999998,5088.999999999998
2004/05,Dec,2004-12-01,25801.699999999997,5025.299999999999
2004/05,Jan,2005-01-01,30871.300000000003,5069.600000000006
2004/05,Feb,2005-02-01,36060.0,5188.699999999997
2004/05,Mar,2005-03-01,41545.9,5485.9000000000015
2004/05,Apr,2005-04-01,47180.1,5634.199999999997
2004/05,May,2005-05-01,53011.0,5830.9000000000015
2004/05,Jun,2005-06-01,59101.4,6090.4000000000015
2004/05,Jul,2005-07-01,65541.2,6439.799999999996
2005/06,Aug,2005-08-01,5939.5,5939.5
2005/06,Sep,2005-09-01,11974.599999999999,6035.0999999999985
2005/06,Oct,2005-10-01,18489.3,6514.700000000001
2005/06,Nov,2005-11-01,27062.899999999998,8573.599999999999
2005/06,Dec,2005-12-01,36772.2,9709.3
2005/06,Jan,2006-01-01,45911.3,9139.100000000006
2005/06,Feb,2006-02-01,53455.6,7544.299999999996
2005/06,Mar,2006-03-01,61208.200000000004,7752.600000000006
2005/06,Apr,2006-04-01,70273.6,9065.400000000001
2005/06,May,2006-05-01,77874.2,7600.599999999991
2005/06,Jun,2006-06-01,87694.6,9820.400000000009
2005/06,Jul,2006-07-01,97688.5,9993.899999999994
2006/07,Aug,2006-08-01,7713.0,7713.0
2006/07,Sep,2006-09-01,15637.800000000001,7924.800000000001
2006/07,Oct,2006-10-01,23762.0,8124.199999999999
2006/07,Nov,2006-11-01,31673.3,7911.299999999999
2006/07,Dec,2006-12-01,40282.1,8608.8
2006/07,Jan,2007-01-01,48269.4,7987.300000000003
2006/07,Feb,2007-02-01,55997.7,7728.299999999996
2006/07,Mar,2007-03-01,64350.7,8353.0
2006/07,Apr,2007-04-01,72388.5,8037.800000000003
2006/07,May,2007-05-01,80278.9,7890.399999999994
2006/07,Jun,2007-06-01,91104.79999999999,10825.899999999994
2006/07,Jul,2007-07-01,100144.8,9040.000000000015
2007/08,Aug,2007-08-01,9364.4,9364.4
2007/08,Sep,2007-09-01,18338.100000000002,8973.700000000003
2007/08,Oct,2007-10-01,27842.5,9504.399999999998
2007/08,Nov,2007-11-01,38248.700000000004,10406.200000000004
2007/08,Dec,2007-12-01,47380.1,9131.399999999994
2007/08,Jan,2008-01-01,57058.3,9678.200000000004
2007/08,Feb,2008-02-01,69001.3,11943.0
2007/08,Mar,2008-03-01,82422.5,13421.199999999997
2007/08,Apr,2008-04-01,93848.20000000001,11425.700000000012
2007/08,May,2008-05-01,108772.29999999999,14924.099999999977
2007/08,Jun,2008-06-01,125108.8,16336.500000000015
2007/08,Jul,2008-07-01,142682.7,17573.90000000001
2008/09,Aug,2008-08-01,12289.4,12289.4
2008/09,Sep,2008-09-01,29235.600000000002,16946.200000000004
2008/09,Oct,2008-10-01,46578.7,17343.099999999995
2008/09,Nov,2008-11-01,63455.9,16877.200000000004
2008/09,Dec,2008-12-01,78541.9,15085.999999999993
2008/09,Jan,2009-01-01,94301.9,15760.0
2008/09,Feb,2009-02-01,109402.5,15100.600000000006
2008/09,Mar,2009-03-01,131007.9,21605.399999999994
2008/09,Apr,2009-04-01,150421.3,19413.399999999994
2008/09,May,2009-05-01,169175.1,18753.800000000017
2008/09,Jun,2009-06-01,188880.8,19705.699999999983
2008/09,Jul,2009-07-01,209698.5,20817.70000000001
2009/10,Aug,2009-08-01,16623.0,16623.0
2009/10,Sep,2009-09-01,34990.7,18367.699999999997
2009/10,Oct,2009-10-01,51752.4,16761.700000000004
2009/10,Nov,2009-11-01,67649.7,15897.299999999996
2009/10,Dec,2009-12-01,86746.8,19097.100000000006
2009/10,Jan,2010-01-01,106189.90000000001,19443.100000000006
2009/10,Feb,2010-02-01,124314.8,18124.899999999994
2009/10,Mar,2010-03-01,143958.7,19643.90000000001
2009/10,Apr,2010-04-01,164929.0,20970.29999999999
2009/10,May,2010-05-01,186443.4,21514.399999999994
2009/10,Jun,2010-06-01,208421.45,21978.050000000017
2009/10,Jul,2010-07-01,231725.3,23303.849999999977
2010/11,Aug,2010-08-01,17703.4,17703.4
2010/11,Sep,2010-09-01,37905.7,20202.299999999996
2010/11,Oct,2010-10-01,59122.1,21216.4
2010/11,Nov,2010-11-01,76876.1,17754.000000000007
2010/11,Dec,2010-12-01,96586.5,19710.399999999994
2010/11,Jan,2011-01-01,118447.7,21861.199999999997
2010/11,Feb,2011-02-01,138903.9,20456.199999999997
2010/11,Mar,2011-03-01,161617.19999999998,22713.29999999999
2010/11,Apr,2011-04-01,181838.19999999998,20221.0
2010/11,May,2011-05-01,206655.80000000002,24817.600000000035
2010/11,Jun,2011-06-01,229524.2,22868.399999999994
2010/11,Jul,2011-07-01,253551.59999999998,24027.399999999965
2011/12,Aug,2011-08-01,21873.0,21873.0
2011/12,Sep,2011-09-01,47326.5,25453.5
2011/12,Oct,2011-10-01,75882.29999999999,28555.79999999999
2011/12,Nov,2011-11-01,103204.6,27322.300000000017
2011/12,Dec,2011-12-01,133190.8,29986.199999999983
2011/12,Jan,2012-01-01,162372.6,29181.800000000017
2011/12,Feb,2012-02-01,188192.90000000002,25820.300000000017
2011/12,Mar,2012-03-01,217769.69999999998,29576.79999999996
2011/12,Apr,2012-04-01,248183.1,30413.400000000023
2011/12,May,2012-05-01,282022.0,33838.899999999994
2011/12,Jun,2012-06-01,320379.8,38357.79999999999
2011/12,Jul,2012-07-01,359554.4,39174.600000000035
2012/13,Aug,2012-08-01,33812.1,33812.1
2012/13,Sep,2012-09-01,65376.3,31564.200000000004
2012/13,Oct,2012-10-01,97717.4,32341.09999999999
2012/13,Nov,2012-11-01,127348.6,29631.20000000001
2012/13,Dec,2012-12-01,163487.30000000002,36138.70000000001
2012/13,Jan,2013-01-01,197698.6,34211.29999999999
2012/13,Feb,2013-02-01,225060.8,27362.199999999983
2012/13,Mar,2013-03-01,266086.8,41026.0
2012/13,Apr,2013-04-01,302581.6,36494.79999999999
2012/13,May,2013-05-01,342647.1,40065.5
2012/13,Jun,2013-06-01,388462.3,45815.20000000001
2012/13,Jul,2013-07-01,434581.7,46119.40000000002
2013/14,Aug,2013-08-01,41867.3,41867.3
2013/14,Sep,2013-09-01,88035.8,46168.5
2013/14,Oct,2013-10-01,135033.9,46998.09999999999
2013/14,Nov,2013-11-01,178894.1,43860.20000000001
2013/14,Dec,2013-12-01,221177.19999999998,42283.09999999998
2013/14,Jan,2014-01-01,265623.60000000003,44446.40000000005
2013/14,Feb,2014-02-01,311906.7,46283.09999999998
2013/14,Mar,2014-03-01,356723.2,44816.5
2013/14,Apr,2014-04-01,397798.9,41075.70000000001
2013/14,May,2014-05-01,444477.1,46678.19999999995
2013/14,Jun,2014-06-01,490952.8,46475.70000000001
2013/14,Jul,2014-07-01,543294.1000000001,52341.300000000105
2014/15,Aug,2014-08-01,42193.5,42193.5
2014/15,Sep,2014-09-01,84478.9,42285.399999999994
2014/15,Oct,2014-10-01,134189.9,49711.0
2014/15,Nov,2014-11-01,180341.30000000002,46151.40000000002
2014/15,Dec,2014-12-01,227203.7,46862.399999999994
2014/15,Jan,2015-01-01,275959.4,48755.70000000001
2014/15,Feb,2015-02-01,320934.60000000003,44975.20000000001
2014/15,Mar,2015-03-01,370995.50000000006,50060.90000000002
2014/15,Apr,2015-04-01,426189.9,55194.399999999965
2014/15,May,2015-05-01,489068.9000000001,62879.00000000006
2014/15,Jun,2015-06-01,551742.2000000001,62673.29999999999
2014/15,Jul,2015-07-01,617278.8,65536.59999999998
2015/16,Aug,2015-08-01,53272.4,53272.4
2015/16,Sep,2015-09-01,107668.4,54395.99999999999
2015/16,Oct,2015-10-01,166421.1,58752.70000000001
2015/16,Nov,2015-11-01,215387.9,48966.79999999999
2015/16,Dec,2015-12-01,271371.2,55983.30000000002
2015/16,Jan,2016-01-01,323692.5,52321.29999999999
2015/16,Feb,2016-02-01,375155.8,51463.29999999999
2015/16,Mar,2016-03-01,427373.0,52217.20000000001
2015/16,Apr,2016-04-01,481685.70000000007,54312.70000000007
2015/16,May,2016-05-01,538873.4,57187.69999999995
2015/16,Jun,2016-06-01,598950.2000000001,60076.80000000005
2015/16,Jul,2016-07-01,665064.3482211164,66114.14822111628
2016/17,Aug,2016-08-01,51940.19543054203,51940.19543054203
2016/17,Sep,2016-09-01,114739.77702329913,62799.5815927571
2016/17,Oct,2016-10-01,171796.87120966386,57057.09418636473
2016/17,Nov,2016-11-01,232137.8,60340.928790336126
2016/17,Dec,2016-12-01,287664.2,55526.40000000002
2016/17,Jan,2017-01-01,342233.4646205818,54569.26462058182
2016/17,Feb,2017-02-01,394567.0997933041,52333.63517272228
2016/17,Mar,2017-03-01,449991.5809156274,55424.48112232331
2016/17,Apr,2017-04-01,511931.52801913524,61939.94710350782
2016/17,May,2017-05-01,566971.8400866112,55040.312067475985
2016/17,Jun,2017-06-01,633419.7322651827,66447.89217857143
2016/17,Jul,2017-07-01,695452.3958542263,62032.66358904366
2017/18,Aug,2017-08-01,55552.81899049226,55552.81899049226
2017/18,Sep,2017-09-01,115551.71009822453,59998.89110773227
2017/18,Oct,2017-10-01,176323.72447282408,60772.014374599545
2017/18,Nov,2017-11-01,228949.71812943125,52625.99365660717
2017/18,Dec,2017-12-01,285480.7067229378,56530.98859350657
2017/18,Jan,2018-01-01,340543.4731385489,55062.766415611084
2017/18,Feb,2018-02-01,401349.03351793194,60805.56037938304
2017/18,Mar,2018-03-01,471855.4314309321,70506.39791300014
2017/18,Apr,2018-04-01,540376.9145087915,68521.48307785945
2017/18,May,2018-05-01,606680.0047506706,66303.09024187911
2017/18,Jun,2018-06-01,679731.0196837063,73051.01493303571
2017/18,Jul,2018-07-01,755058.5839359085,75327.56425220217
2018/19,Aug,2018-08-01,73954.19424340883,73954.19424340883
2018/19,Sep,2018-09-01,154201.87417424697,80247.67993083815
2018/19,Oct,2018-10-01,242171.67088878807,87969.7967145411
2018/19,Nov,2018-11-01,312258.88571769884,70087.21482891077
2018/19,Dec,2018-12-01,376582.3936860986,64323.50796839979
2018/19,Jan,2019-01-01,443355.726606483,66773.33292038436
2018/19,Feb,2019-02-01,515555.45796883886,72199.73136235587
2018/19,Mar,2019-03-01,582192.1772020542,66636.71923321532
2018/19,Apr,2019-04-01,653188.8169335207,70996.63973146654
2018/19,May,2019-05-01,725389.8997021425,72201.08276862174
2018/19,Jun,2019-06-01,799112.2846021424,73722.38489999995
2018/19,Jul,2019-07-01,879367.1494966634,80254.86489452096
2019/20,Aug,2019-08-01,75401.47187661966,75401.47187661966
2019/20,Sep,2019-09-01,153351.40777246573,77949.93589584607
2019/20,Oct,2019-10-01,229861.9564933771,76510.54872091138
2019/20,Nov,2019-11-01,303660.2052850927,73798.2487917156
2019/20,Dec,2019-12-01,375679.8916092821,72019.68632418942
2019/20,Jan,2020-01-01,445953.40666409594,70273.51505481382
2019/20,Feb,2020-02-01,511939.44661565125,65986.03995155531
2019/20,Mar,2020-03-01,591192.2862865828,79252.83967093157
2019/20,Apr,2020-04-01,625709.0947492406,34516.80846265773
2019/20,May,2020-05-01,679680.9393125994,53971.84456335881
2019/20,Jun,2020-06-01,773658.5034858948,93977.5641732954
2019/20,Jul,2020-07-01,875026.9567769951,101368.45329110033
2020/21,Aug,2020-08-01,92742.76005228114,92742.76005228114
2020/21,Sep,2020-09-01,165770.46622422652,73027.70617194538
2020/21,Oct,2020-10-01,258940.9954521871,93170.5292279606
2020/21,Nov,2020-11-01,337818.0018646681,78877.00641248099
2020/21,Dec,2020-12-01,416961.6230000387,79143.62113537057
2020/21,Jan,2021-01-01,495471.41065841983,78509.78765838116
2020/21,Feb,2021-02-01,567890.3744500056,72418.96379158576
2020/21,Mar,2021-03-01,642332.3822532331,74442.00780322752
2020/21,Apr,2021-04-01,729219.2512389084,86886.86898567528
2020/21,May,2021-05-01,810257.5545192512,81038.30328034284
2020/21,Jun,2021-06-01,871302.5267751863,61044.97225593508
2020/21,Jul,2021-07-01,961054.5772737779,89752.05049859162
2021/22 R,Aug,2021-08-01,76625.35229512485,76625.35229512485
2021/22 R,Sep,2021-09-01,156156.3009639245,79530.94866879965
2021/22 R,Oct,2021-10-01,240641.1264557557,84484.8254918312
2021/22 R,Nov,2021-11-01,314011.5751266721,73370.4486709164
2021/22 R,Dec,2021-12-01,390510.1076271633,76498.53250049119
2021/22 R,Jan,2022-01-01,470719.5778170811,80209.47018991783
2021/22 R,Feb,2022-02-01,542856.3248659569,72136.74704887578
2021/22 R,Mar,2022-03-01,633926.2614204778,91069.93655452086
2021/22 R,Apr,2022-04-01,727479.3138629926,93553.0524425148
2021/22 R,May,2022-05-01,814530.0745509488,87050.76068795624
2021/22 R,Jun,2022-06-01,906917.2717725397,92387.1972215909
2021/22 R,Jul,2022-07-01,1007306.8741835593,100389.60241101962
2022/23 R,Aug,2022-08-01,94498.75590496678,94498.75590496678
2022/23 R,Sep,2022-09-01,192356.55833367683,97857.80242871006
2022/23 R,Oct,2022-10-01,290338.91689218703,97982.3585585102
2022/23 R,Nov,2022-11-01,390310.9836575967,99972.06676540966
2022/23 R,Dec,2022-12-01,493970.12560065644,103659.14194305975
2022/23 R,Jan,2023-01-01,600133.1961298212,106163.0705291648
2022/23 R,Feb,2023-02-01,706211.5291195232,106078.332989702
2022/23 R,Mar,2023-03-01,812329.8152686146,106118.28614909132
2022/23 R,Apr,2023-04-01,923522.2012891382,111192.38602052361
2022/23 R,May,2023-05-01,1025310.7347834684,101788.53349433024
2022/23 R,Jun,2023-06-01,1132653.0327621617,107342.29797869327
2022/23 R,Jul,2023-07-01,1240686.414413705,108033.38165154331
2023/24 P,Aug,2023-08-01,116019.12383583808,116019.12383583808
2023/24 P,Sep,2023-09-01,228402.06930436505,112382.94546852697
2023/24 P,Oct,2023-10-01,365370.01024988224,136967.94094551718
2023/24 P,Nov,2023-11-01,477995.32900559483,112625.3187557126
2023/24 P,Dec,2023-12-01,613284.3308550317,135289.0018494369
2023/24 P,Jan,2024-01-01,733255.3794908565,119971.04863582482
2023/24 P,Feb,2024-02-01,839030.7031429309,105775.32365207432
2023/24 P,Mar,2024-03-01,961252.791780428,122222.08863749716
2023/24 P,Apr,2024-04-01,1082646.0929733769,121393.30119294883
2023/24 P,May,2024-05-01,1198633.7206568404,115987.6276834635
2023/24 P,Jun,2024-06-01,1327538.8181028,128905.09744595969
2023/24 P,Jul,2024-07-01,1445315.0904247547,117776.2723219546
2024/25R,Aug,2024-08-01,136602.8815465613,136602.8815465613
2024/25R,Sep,2024-09-01,264597.73953712214,127994.85799056085
2024/25R,Oct,2024-10-01,408767.9207382788,144170.18120115664
2024/25R,Nov,2024-11-01,523073.0654914767,114305.1447531979
2024/25R,Dec,2024-12-01,641866.4628261876,118793.39733471093
2024/25R,Jan,2025-01-01,764307.9792773058,122441.51645111816
2024/25R,Feb,2025-02-01,901808.9562595761,137500.97698227037
2024/25R,Mar,2025-03-01,1052999.5763645608,151190.6201049846
2024/25R,Apr,2025-04-01,1192537.3515577663,139537.77519320557
2024/25R,May,2025-05-01,1357836.9856303409,165299.63407257455
2024/25R,Jun,2025-06-01,1534156.7330415726,176319.74741123174
2024/25R,Jul,2025-07-01,1723270.0629754942,189113.32993392157
2025/26P,Aug,2025-08-01,177411.5775494181,177411.5775494181
2025/26P,Sep,2025-09-01,352084.65470686037,174673.07715744225
2025/26P,Oct,2025-10-01,553308.235027948,201223.58032108768
2025/26P,Nov,2025-11-01,687128.67556785,133820.44053990196
